<?xml version="1.0" encoding="UTF-8"?>
<project-private xmlns="http://www.netbeans.org/ns/project-private/1">
    <editor-bookmarks xmlns="http://www.netbeans.org/ns/editor-bookmarks/2" lastBookmarkId="0"/>
    <open-files xmlns="http://www.netbeans.org/ns/projectui-open-files/2">
        <group>
            <file>file:/C:/Users/bgebreey/Documents/NetBeansProjects/SolitaireGame/src/solitairegame/DeckPile.java</file>
            <file>file:/C:/Users/bgebreey/Documents/NetBeansProjects/SolitaireGame/src/solitairegame/Card.java</file>
            <file>file:/C:/Users/bgebreey/Documents/NetBeansProjects/SolitaireGame/src/solitairegame/DiscardPile.java</file>
            <file>file:/C:/Users/bgebreey/Documents/NetBeansProjects/SolitaireGame/src/solitairegame/GUI.java</file>
            <file>file:/C:/Users/bgebreey/Documents/NetBeansProjects/SolitaireGame/src/solitairegame/CardPile.java</file>
            <file>file:/C:/Users/bgebreey/Documents/NetBeansProjects/SolitaireGame/src/solitairegame/SuitPile.java</file>
        </group>
    </open-files>
</project-private>
